image_id,source_file,crop_file,class_id,class_label,split,width,height,orientation,dataset_source,lighting_condition,camera_device,subject_id,L_med,L_std,a_med,a_std,b_med,b_std,H_med,H_std,S_med,S_std,V_med,V_std,Y_med,Y_std,Cr_med,Cr_std,Cb_med,Cb_std
IMG-20260904-WA0019,IMG-20260904-WA0019.jpg,IMG-20260904-WA0019.jpg,very_fair,Very Fair,test,768,1024,hand (non-face),user-provided (WhatsApp export),uncontrolled / not recorded,not recorded,not tracked,170.0,38.681278228759766,131.0,3.037667989730835,133.0,3.132422685623169,14.0,31.422117233276367,28.0,21.241649627685547,171.0,36.521240234375,163.0,38.738037109375,134.0,4.294435024261475,122.0,3.1443448066711426
IMG-20260904-WA0037,IMG-20260904-WA0037.jpg,IMG-20260904-WA0037.jpg,very_fair,Very Fair,validation,768,1024,hand (non-face),user-provided (WhatsApp export),uncontrolled / not recorded,not recorded,not tracked,168.0,36.94646072387695,130.0,1.7618787288665771,134.0,3.304602861404419,15.0,18.85698127746582,33.0,19.191320419311523,170.0,36.471012115478516,161.0,37.083641052246094,134.0,2.8083648681640625,121.0,3.2667477130889893
IMG-20260904-WA0045,IMG-20260904-WA0045.jpg,IMG-20260904-WA0045.jpg,very_fair,Very Fair,train,768,1024,hand (non-face),user-provided (WhatsApp export),uncontrolled / not recorded,not recorded,not tracked,164.0,39.61844253540039,128.0,2.8045969009399414,129.0,5.327929496765137,51.0,47.06013488769531,17.0,16.14229965209961,161.0,41.57034683227539,156.0,39.99723815917969,128.0,4.719120979309082,127.0,5.4192986488342285
IMG-20260904-WA0039,IMG-20260904-WA0039.jpg,IMG-20260904-WA0039.jpg,very_fair,Very Fair,train,768,1024,hand (non-face),user-provided (WhatsApp export),uncontrolled / not recorded,not recorded,not tracked,162.0,43.7901725769043,128.0,3.4333271980285645,127.0,4.397393703460693,91.0,49.420536041259766,18.0,14.5885591506958,159.0,46.2298583984375,154.0,44.430641174316406,127.0,5.767528533935547,129.0,4.640721321105957
IMG-20260904-WA0050,IMG-20260904-WA0050.jpg,IMG-20260904-WA0050.jpg,very_fair,Very Fair,train,768,1024,hand (non-face),user-provided (WhatsApp export),uncontrolled / not recorded,not recorded,not tracked,161.0,43.73832321166992,130.0,2.2697219848632812,131.0,3.766899585723877,15.0,57.213130950927734,18.0,28.175382614135742,159.0,41.826988220214844,153.0,43.48750305175781,132.0,3.573362350463867,125.0,3.6208279132843018
IMG-20260904-WA0055,IMG-20260904-WA0055.jpg,IMG-20260904-WA0055.jpg,very_fair,Very Fair,train,768,1024,hand (non-face),user-provided (WhatsApp export),uncontrolled / not recorded,not recorded,not tracked,161.0,41.868045806884766,128.0,3.233806848526001,127.0,4.884984493255615,94.0,49.7480583190918,19.0,16.54938316345215,158.0,44.89734649658203,153.0,42.290771484375,127.0,5.70864200592041,129.0,5.138489246368408
IMG-20260904-WA0017,IMG-20260904-WA0017.jpg,IMG-20260904-WA0017.jpg,fair,Fair,test,768,1024,hand (non-face),user-provided (WhatsApp export),uncontrolled / not recorded,not recorded,not tracked,160.0,49.85951614379883,131.0,10.526527404785156,145.0,12.590484619140625,19.0,42.08236312866211,73.0,52.62309265136719,169.0,45.50506591796875,151.0,49.55000686645508,141.0,13.404088020324707,112.0,12.199419021606445
IMG-20260904-WA0023,IMG-20260904-WA0023.jpg,IMG-20260904-WA0023.jpg,fair,Fair,validation,768,1024,hand (non-face),user-provided (WhatsApp export),uncontrolled / not recorded,not recorded,not tracked,160.0,45.44549560546875,128.0,3.2218663692474365,130.0,6.22625732421875,36.0,46.731414794921875,23.0,24.79461669921875,157.0,47.52680206298828,152.0,45.678810119628906,129.0,6.014827728271484,126.0,6.347025394439697
IMG-20260904-WA0031,IMG-20260904-WA0031.jpg,IMG-20260904-WA0031.jpg,fair,Fair,train,768,1024,hand (non-face),user-provided (WhatsApp export),uncontrolled / not recorded,not recorded,not tracked,160.0,41.37253189086914,130.0,2.607860803604126,132.0,8.241584777832031,24.0,55.83626174926758,33.0,19.282882690429688,163.0,42.177574157714844,152.0,41.406707763671875,132.0,4.948501110076904,124.0,8.18678092956543
IMG-20260904-WA0052,IMG-20260904-WA0052.jpg,IMG-20260904-WA0052.jpg,fair,Fair,train,768,1024,hand (non-face),user-provided (WhatsApp export),uncontrolled / not recorded,not recorded,not tracked,160.0,39.565494537353516,128.0,2.0180156230926514,132.0,4.7712531089782715,20.0,43.73872756958008,21.0,20.537986755371094,157.0,39.67167282104492,152.0,39.43137741088867,131.0,2.7588493824005127,124.0,4.679497241973877
IMG-20260904-WA0015,IMG-20260904-WA0015.jpg,IMG-20260904-WA0015.jpg,fair,Fair,train,768,1024,hand (non-face),user-provided (WhatsApp export),uncontrolled / not recorded,not recorded,not tracked,159.0,36.59162521362305,130.0,3.204444408416748,134.0,2.859990358352661,14.0,27.563566207885742,32.0,21.90746307373047,160.0,33.88028335571289,151.0,36.6208610534668,134.0,4.076189041137695,122.0,2.7423927783966064
IMG-20260904-WA0043,IMG-20260904-WA0043.jpg,IMG-20260904-WA0043.jpg,fair,Fair,train,1024,768,hand (non-face),user-provided (WhatsApp export),uncontrolled / not recorded,not recorded,not tracked,159.0,43.483070373535156,129.0,2.2725493907928467,130.0,4.399940490722656,18.0,53.65128707885742,18.0,18.172754287719727,156.0,44.376800537109375,151.0,44.0660514831543,131.0,4.469870567321777,126.0,4.48705530166626
IMG-20260904-WA0022,IMG-20260904-WA0022.jpg,IMG-20260904-WA0022.jpg,light,Light,test,768,1024,hand (non-face),user-provided (WhatsApp export),uncontrolled / not recorded,not recorded,not tracked,157.0,50.44641876220703,128.0,3.857089042663574,130.0,5.234351634979248,40.0,51.96992492675781,18.0,34.30001449584961,153.0,50.473716735839844,149.0,49.628299713134766,129.0,5.702355861663818,126.0,5.336999416351318
IMG-20260904-WA0032,IMG-20260904-WA0032.jpg,IMG-20260904-WA0032.jpg,light,Light,validation,768,1024,hand (non-face),user-provided (WhatsApp export),uncontrolled / not recorded,not recorded,not tracked,157.0,31.753450393676758,132.0,2.1845853328704834,133.0,2.949437379837036,10.0,36.048458099365234,34.0,16.545087814331055,160.0,31.2777042388916,150.0,32.16105651855469,136.0,3.2335782051086426,122.0,2.9078361988067627
IMG-20260904-WA0041,IMG-20260904-WA0041.jpg,IMG-20260904-WA0041.jpg,light,Light,train,768,1024,hand (non-face),user-provided (WhatsApp export),uncontrolled / not recorded,not recorded,not tracked,157.0,38.72356033325195,133.0,2.91776442527771,135.0,4.292297840118408,11.0,35.535099029541016,40.0,35.89969253540039,162.0,35.6411018371582,149.0,38.520729064941406,137.0,4.214709281921387,121.0,4.034041881561279
IMG-20260904-WA0051,IMG-20260904-WA0051.jpg,IMG-20260904-WA0051.jpg,light,Light,train,768,1024,hand (non-face),user-provided (WhatsApp export),uncontrolled / not recorded,not recorded,not tracked,157.0,42.15651321411133,127.0,2.2898781299591064,130.0,4.759452819824219,48.0,39.979331970214844,16.0,17.20855712890625,152.0,43.80295944213867,149.0,42.12845993041992,128.0,3.957902431488037,126.0,4.851188659667969
IMG-20260904-WA0038,IMG-20260904-WA0038.jpg,IMG-20260904-WA0038.jpg,light,Light,train,768,1024,hand (non-face),user-provided (WhatsApp export),uncontrolled / not recorded,not recorded,not tracked,156.0,37.84445571899414,129.0,2.554138660430908,132.0,4.3025126457214355,18.0,43.638370513916016,23.0,20.154043197631836,153.0,38.1506462097168,148.0,38.21754837036133,132.0,3.506166934967041,124.0,4.257828235626221
IMG-20260904-WA0046,IMG-20260904-WA0046.jpg,IMG-20260904-WA0046.jpg,light,Light,train,768,1024,hand (non-face),user-provided (WhatsApp export),uncontrolled / not recorded,not recorded,not tracked,156.0,38.700111389160156,131.0,2.6892035007476807,133.0,4.400289535522461,12.0,46.94969177246094,31.0,28.21883201599121,158.0,36.756813049316406,148.0,38.48699188232422,134.0,4.5840678215026855,123.0,4.3728508949279785
IMG-20260904-WA0033,IMG-20260904-WA0033.jpg,IMG-20260904-WA0033.jpg,medium,Medium,test,1024,768,hand (non-face),user-provided (WhatsApp export),uncontrolled / not recorded,not recorded,not tracked,154.0,45.320770263671875,128.0,3.136962652206421,129.0,6.057160377502441,60.0,53.383846282958984,20.0,33.356021881103516,150.0,46.47012710571289,146.0,44.809879302978516,129.0,5.665822982788086,127.0,6.146235942840576
IMG-20260904-WA0025,IMG-20260904-WA0025.jpg,IMG-20260904-WA0025.jpg,medium,Medium,validation,768,1024,hand (non-face),user-provided (WhatsApp export),uncontrolled / not recorded,not recorded,not tracked,153.0,34.59049606323242,129.0,1.4224740266799927,128.0,3.8092737197875977,38.0,55.849517822265625,15.0,12.3167142868042,148.0,36.36619567871094,145.0,34.59065628051758,129.0,3.208496332168579,127.0,3.8695554733276367
IMG-20260904-WA0054,IMG-20260904-WA0054.jpg,IMG-20260904-WA0054.jpg,medium,Medium,train,768,1024,hand (non-face),user-provided (WhatsApp export),uncontrolled / not recorded,not recorded,not tracked,152.0,44.235679626464844,127.0,4.605844974517822,128.0,7.154505729675293,86.0,42.164852142333984,25.0,24.155925750732422,151.0,46.03377914428711,144.0,44.070762634277344,126.0,6.0786614418029785,129.0,7.038642883300781
IMG-20260904-WA0040,IMG-20260904-WA0040.jpg,IMG-20260904-WA0040.jpg,medium,Medium,train,768,1024,hand (non-face),user-provided (WhatsApp export),uncontrolled / not recorded,not recorded,not tracked,151.0,45.04982376098633,130.0,1.8681302070617676,135.0,3.295567274093628,15.0,27.852035522460938,37.0,27.733898162841797,153.0,43.66391372680664,143.0,44.303321838378906,134.0,2.701659917831421,121.0,3.1593124866485596
IMG-20260904-WA0024,IMG-20260904-WA0024.jpg,IMG-20260904-WA0024.jpg,medium,Medium,train,768,1024,hand (non-face),user-provided (WhatsApp export),uncontrolled / not recorded,not recorded,not tracked,149.0,39.38337707519531,132.0,2.449308395385742,135.0,3.4634013175964355,12.0,39.0215950012207,40.0,20.743696212768555,154.0,39.013153076171875,142.0,39.35493850708008,137.0,3.3773984909057617,121.0,3.3787918090820312
IMG-20260904-WA0036,IMG-20260904-WA0036.jpg,IMG-20260904-WA0036.jpg,medium,Medium,train,1024,768,hand (non-face),user-provided (WhatsApp export),uncontrolled / not recorded,not recorded,not tracked,147.0,47.185638427734375,130.0,2.9051265716552734,130.0,5.037923812866211,18.0,57.551658630371094,24.0,24.348541259765625,145.0,46.890384674072266,138.0,47.16609191894531,132.0,5.145295143127441,126.0,4.971391201019287
IMG-20260904-WA0011,IMG-20260904-WA0011.jpg,IMG-20260904-WA0011.jpg,olive,Olive,test,768,1024,hand (non-face),user-provided (WhatsApp export),uncontrolled / not recorded,not recorded,not tracked,145.0,51.06709289550781,135.0,3.145516872406006,133.0,3.571611166000366,7.0,64.77406311035156,39.0,36.40342712402344,152.0,49.292972564697266,138.0,50.5426139831543,138.0,3.8589823246002197,123.0,3.322683572769165
IMG-20260904-WA0047,IMG-20260904-WA0047.jpg,IMG-20260904-WA0047.jpg,olive,Olive,validation,768,1024,hand (non-face),user-provided (WhatsApp export),uncontrolled / not recorded,not recorded,not tracked,144.0,55.50049591064453,129.0,3.2512435913085938,129.0,6.796707630157471,25.0,51.022422790527344,29.0,36.728057861328125,142.0,55.89738464355469,136.0,55.016326904296875,129.0,6.610368728637695,127.0,6.636700630187988
IMG-20260904-WA0020,IMG-20260904-WA0020.jpg,IMG-20260904-WA0020.jpg,olive,Olive,train,768,1024,hand (non-face),user-provided (WhatsApp export),uncontrolled / not recorded,not recorded,not tracked,143.0,32.43764877319336,128.0,1.3135356903076172,128.0,3.9762935638427734,80.0,49.262962341308594,14.0,12.450349807739258,137.0,34.6785774230957,134.0,32.40953063964844,128.0,2.7473831176757812,128.0,3.9734859466552734
IMG-20260904-WA0028,IMG-20260904-WA0028.jpg,IMG-20260904-WA0028.jpg,olive,Olive,train,768,1024,hand (non-face),user-provided (WhatsApp export),uncontrolled / not recorded,not recorded,not tracked,143.0,51.13948059082031,129.0,3.645460605621338,129.0,5.428329944610596,38.0,53.17832946777344,21.0,30.941265106201172,139.0,52.046775817871094,134.0,50.88602066040039,129.0,6.525921821594238,127.0,5.490561008453369
IMG-20260904-WA0030,IMG-20260904-WA0030.jpg,IMG-20260904-WA0030.jpg,olive,Olive,train,768,1024,hand (non-face),user-provided (WhatsApp export),uncontrolled / not recorded,not recorded,not tracked,142.0,62.26613998413086,129.0,3.2695772647857666,129.0,6.7910847663879395,25.0,53.52821350097656,29.0,44.49821853637695,140.0,62.11149215698242,134.0,60.79550552368164,130.0,6.294811248779297,127.0,6.643050670623779
IMG-20260904-WA0016,IMG-20260904-WA0016.jpg,IMG-20260904-WA0016.jpg,olive,Olive,train,768,1024,hand (non-face),user-provided (WhatsApp export),uncontrolled / not recorded,not recorded,not tracked,141.0,39.084346771240234,133.0,2.5684592723846436,136.0,4.072478771209717,12.0,27.698883056640625,48.0,27.01405143737793,147.0,38.47715759277344,134.0,38.59743118286133,137.0,4.154849529266357,120.0,3.9644081592559814
IMG-20260904-WA0035,IMG-20260904-WA0035.jpg,IMG-20260904-WA0035.jpg,tan,Tan,test,768,1024,hand (non-face),user-provided (WhatsApp export),uncontrolled / not recorded,not recorded,not tracked,140.0,43.21518325805664,130.0,2.4814817905426025,135.0,4.303989410400391,16.0,41.487266540527344,37.0,22.882875442504883,141.0,42.55878448486328,132.0,43.12193298339844,134.0,3.3142478466033936,122.0,4.089791297912598
IMG-20260904-WA0012,IMG-20260904-WA0012.jpg,IMG-20260904-WA0012.jpg,tan,Tan,validation,768,1024,hand (non-face),user-provided (WhatsApp export),uncontrolled / not recorded,not recorded,not tracked,139.0,53.81925582885742,134.0,3.0984654426574707,133.0,6.069631099700928,11.0,63.9461669921875,43.0,37.794979095458984,146.0,53.34013366699219,131.0,53.0152473449707,137.0,5.556665420532227,122.0,5.860116958618164
IMG-20260904-WA0013,IMG-20260904-WA0013.jpg,IMG-20260904-WA0013.jpg,tan,Tan,train,768,1024,hand (non-face),user-provided (WhatsApp export),uncontrolled / not recorded,not recorded,not tracked,139.0,45.02356719970703,131.0,2.5014846324920654,133.0,3.361959457397461,11.0,42.27619171142578,32.0,32.52284622192383,139.0,42.98282241821289,131.0,44.4262809753418,134.0,3.586198091506958,123.0,3.121079444885254
IMG-20260904-WA0018,IMG-20260904-WA0018.jpg,IMG-20260904-WA0018.jpg,tan,Tan,train,768,1024,hand (non-face),user-provided (WhatsApp export),uncontrolled / not recorded,not recorded,not tracked,139.0,49.33238220214844,129.0,2.2348971366882324,129.0,5.428503513336182,27.0,50.600120544433594,24.0,24.890625,136.0,49.943294525146484,130.0,49.13813018798828,129.0,4.6699538230896,127.0,5.334385395050049
IMG-20260904-WA0053,IMG-20260904-WA0053.jpg,IMG-20260904-WA0053.jpg,tan,Tan,train,768,1024,hand (non-face),user-provided (WhatsApp export),uncontrolled / not recorded,not recorded,not tracked,139.0,52.0873908996582,130.0,2.6788406372070312,131.0,3.8794615268707275,15.0,54.797916412353516,25.0,19.704679489135742,138.0,51.38214874267578,131.0,52.22476577758789,132.0,4.114694595336914,125.0,3.892010450363159
IMG-20260904-WA0034,IMG-20260904-WA0034.jpg,IMG-20260904-WA0034.jpg,brown,Brown,test,768,1024,hand (non-face),user-provided (WhatsApp export),uncontrolled / not recorded,not recorded,not tracked,137.0,53.74447250366211,134.0,3.6086063385009766,137.0,4.446826934814453,11.0,29.07636070251465,56.0,56.31282043457031,144.0,49.857662200927734,129.0,52.367034912109375,139.0,4.37310266494751,118.0,3.9778976440429688
IMG-20260904-WA0014,IMG-20260904-WA0014.jpg,IMG-20260904-WA0014.jpg,brown,Brown,validation,768,1024,hand (non-face),user-provided (WhatsApp export),uncontrolled / not recorded,not recorded,not tracked,131.0,42.57738494873047,134.0,3.226271152496338,134.0,3.914799928665161,9.0,42.05934524536133,48.0,43.670379638671875,138.0,39.803157806396484,124.0,41.78292465209961,138.0,3.976382255554199,121.0,3.3814563751220703
IMG-20260904-WA0049,IMG-20260904-WA0049.jpg,IMG-20260904-WA0049.jpg,brown,Brown,train,768,1024,hand (non-face),user-provided (WhatsApp export),uncontrolled / not recorded,not recorded,not tracked,129.0,42.78458786010742,135.0,2.921067237854004,135.0,6.375434398651123,12.0,63.461666107177734,51.0,38.69179916381836,136.0,40.73493576049805,121.0,42.306270599365234,138.0,4.837172031402588,121.0,5.846996784210205
IMG-20260904-WA0021,IMG-20260904-WA0021.jpg,IMG-20260904-WA0021.jpg,brown,Brown,train,768,1024,hand (non-face),user-provided (WhatsApp export),uncontrolled / not recorded,not recorded,not tracked,126.0,53.33905029296875,133.0,2.718510627746582,134.0,4.725596904754639,10.0,56.67738723754883,47.0,41.426231384277344,132.0,51.1944465637207,119.0,52.452701568603516,137.0,4.4834160804748535,122.0,4.421729564666748
IMG-20260904-WA0042,IMG-20260904-WA0042.jpg,IMG-20260904-WA0042.jpg,brown,Brown,train,768,1024,hand (non-face),user-provided (WhatsApp export),uncontrolled / not recorded,not recorded,not tracked,126.0,35.10723876953125,136.0,3.1145100593566895,135.0,2.9427623748779297,9.0,52.021507263183594,52.0,17.34922981262207,135.0,37.77350616455078,119.0,34.76976776123047,139.0,3.506615161895752,121.0,2.6576764583587646
IMG-20260904-WA0026,IMG-20260904-WA0026.jpg,IMG-20260904-WA0026.jpg,deep,Deep,test,768,1024,hand (non-face),user-provided (WhatsApp export),uncontrolled / not recorded,not recorded,not tracked,121.0,43.361812591552734,137.0,3.0100462436676025,138.0,3.620249032974243,9.0,19.25922203063965,75.0,45.00642013549805,134.0,41.189361572265625,113.0,41.767513275146484,142.0,3.7350730895996094,118.0,3.0758612155914307
IMG-20260904-WA0048,IMG-20260904-WA0048.jpg,IMG-20260904-WA0048.jpg,deep,Deep,validation,768,1024,hand (non-face),user-provided (WhatsApp export),uncontrolled / not recorded,not recorded,not tracked,119.0,39.987178802490234,132.0,3.154498338699341,135.0,2.9704458713531494,13.0,32.40059280395508,47.0,34.38218307495117,122.0,37.92390060424805,111.0,38.42275619506836,135.0,3.5517876148223877,121.0,2.7009265422821045
IMG-20260904-WA0029,IMG-20260904-WA0029.jpg,IMG-20260904-WA0029.jpg,deep,Deep,train,768,1024,hand (non-face),user-provided (WhatsApp export),uncontrolled / not recorded,not recorded,not tracked,113.0,44.3658332824707,137.0,2.873295545578003,134.0,3.48543381690979,6.0,55.75017166137695,59.0,41.840782165527344,123.0,41.60414123535156,106.0,42.619895935058594,140.0,3.4452126026153564,122.0,2.998946189880371
IMG-20260904-WA0027,IMG-20260904-WA0027.jpg,IMG-20260904-WA0027.jpg,deep,Deep,train,768,1024,hand (non-face),user-provided (WhatsApp export),uncontrolled / not recorded,not recorded,not tracked,105.0,29.432758331298828,131.0,2.3513565063476562,133.0,6.373493194580078,16.0,64.92045593261719,41.0,34.272300720214844,106.0,28.535076141357422,97.0,28.06173324584961,134.0,2.8007402420043945,123.0,5.7121148109436035
IMG-20260904-WA0044,IMG-20260904-WA0044.jpg,IMG-20260904-WA0044.jpg,deep,Deep,train,768,1024,hand (non-face),user-provided (WhatsApp export),uncontrolled / not recorded,not recorded,not tracked,104.0,39.15119552612305,130.0,1.4036463499069214,131.0,6.540458679199219,15.0,48.94355773925781,35.0,17.16016960144043,101.0,42.65317916870117,96.0,37.789772033691406,132.0,4.62409782409668,125.0,6.549983024597168
